No.,x,y,z
0,2.47441,-0.338447,1.46732
1,-49.0288,-17.3381,73.8221
2,2.37671,-0.622368,1.51685
3,2.0365,-0.630333,1.98741
4,2.38905,0.0166941,1.58139
5,2.32365,0.0812395,1.65749
6,2.40547,-0.345285,1.42693
7,1.74187,-1.15419,2.2413
8,2.51454,-0.224274,1.26825
9,2.71751,-0.118374,0.891273
10,2.9134,0.0913681,0.633527
11,2.37101,-0.620537,1.28632
12,3.17723,-0.329972,0.151653
13,2.66607,0.190598,0.969619
14,-6.38044,3.78364,14.839
15,3.04523,-0.482648,0.287979
16,2.67462,-0.302028,0.80289
17,3.35749,-0.639225,-0.25889
18,1.94389,-0.540891,1.77484
19,2.66214,0.0666011,0.682973
20,2.18254,-0.587378,1.21242
21,2.67148,-0.113814,0.557861
22,6.10611,1.25288,-4.24474
23,2.2126,-0.280149,1.17396
24,2.77848,0.149316,0.387893
25,1.32578,-1.61605,2.04333
26,2.40857,-0.226457,0.693281
27,2.72478,-0.0671218,0.234612
28,2.12991,-0.319436,1.02931
29,1.0747,-1.45306,2.2745
30,2.38018,-0.410656,0.503172
31,2.96762,-0.655382,-0.420892
32,1.25392,0.408739,2.24668
33,2.4379,-0.381314,0.35757
34,3.18385,-0.45565,-0.853428
35,1.96483,-0.723388,0.805782
36,2.04169,-0.732407,0.675794
37,2.36645,-0.0980712,0.302579
38,2.41642,-0.51566,0.154675
39,2.20554,0.176103,0.582203
40,2.03185,-0.37609,0.650805
41,2.39768,-0.573221,0.064013
42,-0.493837,-0.969076,4.15571
43,2.21391,-0.532141,0.209997
44,1.79353,-0.661749,0.790446
45,1.85187,-0.785894,0.601899
46,2.51853,-0.611375,-0.363615
47,1.86873,-0.43351,0.560302
48,2.19514,-0.214512,0.0447703
49,0.421556,-1.43519,2.42315
50,-16.2246,5.90259,28.0841
51,2.238,-0.157423,-0.0336576
52,2.12497,-0.58299,-0.122213
53,1.63412,-1.38971,0.414257
54,1.52496,-1.52952,0.382186
55,-4.65151,5.56681,10.6031
56,1.72721,-0.250432,0.208153
57,2.80086,-0.487649,-1.4082
58,1.78617,-0.24562,0.077817
59,2.51351,-0.961083,-1.19223
60,1.75261,-0.585105,-0.103063
61,1.46445,-1.13647,0.0531464
62,-0.313278,-1.31685,2.59117
63,3.05916,-2.6544,-2.68783
64,1.62715,-0.0327534,-0.155579
65,1.9043,0.0864429,-0.556145
66,1.8788,-0.307615,-0.650526
67,7.15241,-4.43718,-9.28051
68,5.05858,1.12019,-5.40794
69,1.35645,-0.197294,-0.244858
70,1.28043,-0.207531,-0.326323
71,1.46756,-0.841496,-0.885761
72,1.47258,-0.790765,-0.98774
73,1.53538,0.161447,-0.952563
74,0.819402,-0.83175,-0.0858418
75,1.40082,-0.54769,-1.05219
76,1.18086,-0.23995,-0.713491
77,1.04862,-0.322286,-0.542867
78,1.32285,-0.710947,-1.0434
79,2.3198,-0.653707,-2.52051
80,3.7006,-0.334629,-4.58032
81,0.913563,-0.720055,-0.613899
82,1.90644,-0.406803,-2.03021
83,2.48988,1.25407,-2.77023
84,1.4229,-1.20445,-1.64528
85,-1.5625,-1.75115,2.59177
86,0.676767,-0.916752,-0.618763
87,1.14859,-1.09376,-1.43172
88,-12.8817,4.47191,19.9994
89,-12.8817,4.47192,19.9994
90,0.712126,-1.43744,-0.964691
91,1.32034,0.0397274,-1.61666
92,1.24216,-0.153227,-1.63868
93,1.06668,-0.0592536,-1.51586
94,0.717481,0.209353,-1.06009
95,0.308971,-1.53734,-0.835621
96,-0.079615,-1.60574,-0.476195
97,-0.0796283,-1.60574,-0.476202
98,0.97024,-1.46786,-2.02406
99,1.21588,-0.111698,-2.17806
100,-46.5295,0.296611,67.7582
101,1.11466,-0.744587,-2.20936
102,0.487315,-0.0800101,-1.19109
103,17.7673,1.71433,-26.2072
104,0.775252,0.0737428,-1.66684
105,0.602164,-0.0719305,-1.53572
106,0.933662,-0.714111,-2.40886
107,0.813636,-0.138478,-2.2614
108,0.582033,0.00382396,-1.92563
109,1.94813,0.324845,-3.89524
110,0.284535,-1.60524,-1.80337
111,0.450987,-1.38364,-2.14819
112,0.776827,-1.0262,-2.59178
113,1.39162,-2.988,-3.86026
114,0.814399,-0.889675,-2.65573
115,0.729905,-0.762125,-2.5722
116,0.729902,-0.762121,-2.5722
117,0.794419,-1.20348,-2.78262
118,0.78571,-0.893561,-2.71906
119,0.647548,-0.986787,-2.62132
120,0.705669,-1.16156,-2.74163
121,0.678656,-0.767234,-2.64471
122,0.683312,-0.784349,-2.68008
123,0.698647,-0.871338,-2.78043
124,0.717285,-0.800726,-2.8072
125,1.02558,-1.09526,-3.3307
126,0.617513,-1.15623,-2.76382
127,0.594474,-1.05274,-2.71257
128,0.636091,-0.80591,-2.73095
129,0.587615,-1.13088,-2.72698
130,0.591785,-1.11035,-2.7376
131,0.682773,-0.883691,-2.8492
132,0.570619,-1.04192,-2.71617
133,0.521077,-1.09513,-2.66828
134,0.571797,-1.03696,-2.7329
135,0.62236,-0.606637,-2.74531
136,0.727955,-0.849039,-2.94293
137,0.512504,-0.927918,-2.64599
138,0.561102,-1.05802,-2.74046
139,0.614139,-0.586888,-2.73714
140,0.657774,-1.20334,-2.91523
141,0.5323,-1.06803,-2.71228
142,0.546946,-1.03042,-2.7437
143,0.533971,-1.06982,-2.73335
144,0.496247,-1.10451,-2.68455
145,0.518141,-0.951499,-2.69748
146,0.530239,-1.12491,-2.74734
147,0.584449,-1.03911,-2.81204
148,0.551358,-0.980787,-2.76194
149,0.315051,0.0327809,-2.23947
150,0.488092,-1.08084,-2.7048
151,0.510751,-1.04762,-2.73343
152,5.37187,-7.07804,-10.9309
153,0.569364,-0.913513,-2.81644
154,0.613667,-1.21988,-2.94208
155,0.671171,-1.05575,-3.01317
156,0.530119,-1.04356,-2.80769
157,0.516444,-1.00434,-2.78659
158,0.440525,-1.02119,-2.68631
159,0.484506,-1.01686,-2.77445
160,0.475622,-1.05214,-2.76876
161,0.550241,-0.745836,-2.8259
162,0.476646,-0.95699,-2.75568
163,0.0129083,-0.181557,-1.95209
164,0.50145,-1.16121,-2.85894
165,0.436971,-1.1064,-2.7588
166,0.520623,-1.17895,-2.89533
167,-0.119513,-0.461527,-1.84704
168,0.439844,-1.05912,-2.77231
169,0.445186,-0.960378,-2.7693
170,0.453052,-1.00042,-2.79359
171,0.54068,-1.24222,-2.98331
172,0.444981,-1.14356,-2.84965
173,0.391293,-1.05223,-2.75675
174,0.411153,-1.05408,-2.78716
175,0.390452,-1.09808,-2.77422
176,0.390434,-1.09808,-2.77421
177,0.440444,-1.04956,-2.84334
178,0.397244,-1.05565,-2.78411
179,0.461298,-1.16459,-2.89795
180,0.445439,-1.1529,-2.87457
181,0.401042,-1.05859,-2.80526
182,0.459341,-1.17571,-2.92387
183,0.389063,-1.05373,-2.80358
184,0.377084,-1.11723,-2.81839
185,0.631703,-1.09863,-3.19504
186,0.351261,-1.06352,-2.79835
187,0.176637,-0.920409,-2.52618
188,0.415119,-1.16056,-2.93045
189,0.448071,-0.714448,-2.90653
190,0.481394,-1.21554,-3.04642
191,0.447964,-1.18863,-2.99722
192,0.327737,-1.04102,-2.80627
193,0.351116,-1.05104,-2.85159
194,0.416883,-0.858409,-2.94242
195,0.547866,-1.22965,-3.21576
196,0.486462,-0.881317,-3.07176
197,0.361086,-1.01658,-2.91935
198,0.441611,-0.898785,-3.03177
199,0.496658,-0.931008,-3.1272
200,0.302519,-0.935579,-2.87098
201,0.449583,-0.848954,-3.07283
202,0.407834,-1.03922,-3.06247
203,0.518522,-0.923458,-3.21206
204,0.50857,-0.439412,-3.1201
205,0.319826,-0.788458,-2.92148
206,0.292049,-0.651237,-2.88241
207,0.349999,-0.896299,-3.01945
208,0.0334058,-1.89389,-2.74847
209,0.45064,-0.72427,-3.20382
210,0.24842,-0.907334,-3.00158
211,0.250826,-0.807328,-3.00077
212,5.89708,2.41664,-10.7021
213,0.177373,-0.912983,-2.96611
214,0.197148,-0.754572,-2.9799
215,0.249773,-0.813897,-3.09801
216,0.226801,-0.941528,-3.11588
217,0.308574,-0.741867,-3.22837
218,0.137726,-0.748609,-3.00386
219,0.172142,-0.878453,-3.17507
220,0.142679,-0.828031,-3.13388
221,0.0792308,-0.795153,-3.07506
222,0.112776,-0.90598,-3.18764
223,0.147841,-0.806818,-3.27223
224,0.630938,-3.14757,-4.40208
225,0.0983794,-0.939984,-3.23256
226,0.359066,-1.64146,-3.74604
227,0.108224,-0.972227,-3.29553
228,-0.0341819,-1.00895,-3.12642
229,0.0840883,-0.97327,-3.33273
230,0.914926,-1.81247,-4.75902
231,-0.078281,-0.912793,-3.15559
232,-0.144054,-0.924765,-3.22844
233,-0.127405,-2.58972,-3.68996
234,-0.209319,-0.980903,-3.29815
235,-1.18945,1.92812,-1.35092
236,-0.0413987,-0.0604713,-3.59593
237,0.0645653,0.0697178,-4.07843
238,-0.603001,-0.796855,-3.54023
239,-4.44347,-3.13452,0.844801
240,-1.2737,-1.86373,-3.9504
241,0.825867,-1.24383,-6.9387
242,-0.0846253,-0.958936,-5.64967
243,-0.084635,-0.958932,-5.64968
244,-12.1398,5.3471,12.5367
245,-1.71595,-1.40526,-4.83193
246,-1.96044,-0.302569,-4.83312
247,38.616,1.90435,-64.5873
248,-2.41215,-0.694784,-5.07066
249,-3.66655,2.24108,-4.7765
250,-2.72907,0.0592188,-6.97006
251,-27.381,-1.93828,28.5288
252,-2.32143,0.0835976,-8.02781
253,-2.92605,0.035604,-7.55314
254,-2.92616,0.0356109,-7.55308
255,-4.04942,-2.01068,-6.63358
256,2.28558,4.78634,-15.6454
257,-2.57006,-0.0390889,-9.91493
258,-2.29033,-3.66862,-11.0757
259,-4.27184,0.221793,-7.91266
260,-2.93568,-0.04514,-10.0841
261,-4.27348,0.193873,-8.59247
262,-6.02198,-2.84864,-8.26522
263,1.08463,4.91892,-19.5928
264,17.3727,-18.6928,-47.8702
265,17.2755,-18.822,-47.7953
266,-3.9394,0.223183,-13.8771
267,-5.62311,-0.207391,-11.6251
268,-5.5884,-0.278382,-13.2101
269,-45.1882,6.51073,45.5122
270,-7.55459,2.49639,-11.9341
271,-6.16881,-5.97228,-16.2668
272,-10.6296,0.0232732,-11.4843
273,2.88243,6.34501,-30.9877
274,-5.33563,-1.20635,-25.4516
275,-7.71238,-3.44097,-26.2149
276,-7.91442,-3.85064,-26.4376
277,-6.44515,-3.41353,-31.0766
278,-77.5715,6.11722,56.5226
279,-44.6662,-12.5268,-12.1913
280,-21.4777,-17.0063,-63.8789
281,-52.5046,-12.8326,-34.4956
